{
  "boundary": [
    [149.16440481, -35.36332027],  
    [149.16444568, -35.36222973],  
    [149.16508803, -35.36232498],  
    [149.16523557, -35.36328162],  
    [149.16440481, -35.36332027]   
  ],
  "spacing_m": 5.0,
  "angle_deg": 0.0,
  "start": "SW"
}
